Title,firstName,lastName,gender,email
Honorable,Alasdair,Beeckx,Male,abeeckx0@un.org
Dr,Saunder,murname,Male,smurname1@ftc.gov
honorable,Julissa,Spriddle,Female,jspriddle2@chicagotribune.com
Rev,Bernadene,Peak,Female,bpeak3@fc2.com
Mrs,Cass,Bernardeschi,Male,cbernardeschi4@technorati.com
Honorable,Aggi,LIPson,Female,alipson5@ucoz.ru
Ms,TrEScha,Damato,female,tdamato6@skyrock.com
Dr,Dav,HeadOn,Male,dheadon7@ted.com
Honorable,Nealson,Janeway,Male,njaneway8@360.cn
Mrs,Laney,Trobey,Female,ltrobey9@eventbrite.com